City_ID,City,Country,Date,Lat,Lng,Max Temp,Humidity,Cloudiness,Wind Speed
0,Amapa,BR,2021-06-14 02:59:58,1.0,-52.0,70.74,99,69,1.79
1,Kodiak,US,2021-06-14 02:59:58,57.79,-152.4072,51.4,78,8,7.76
2,Hilo,US,2021-06-14 02:59:59,19.7297,-155.09,82.27,91,42,3.0
3,Mobaye,CF,2021-06-14 02:59:59,4.319,21.1786,69.33,97,100,1.01
4,Ushuaia,AR,2021-06-14 02:55:35,-54.8,-68.3,37.06,81,75,18.41
5,Czarnkow,PL,2021-06-14 03:00:00,52.9021,16.5641,50.25,94,8,5.26
6,Mahebourg,MU,2021-06-14 02:55:07,-20.4081,57.7,73.69,73,75,12.66
7,Port Alfred,ZA,2021-06-14 03:00:00,-33.5906,26.891,60.12,87,83,13.04
8,Arraial Do Cabo,BR,2021-06-14 03:00:01,-22.9661,-42.0278,69.19,59,59,9.66
9,Okakarara,NA,2021-06-14 03:00:03,-20.5833,17.4333,46.87,46,0,5.95
10,Severobaykalsk,RU,2021-06-14 03:00:04,55.65,109.3167,46.85,77,100,3.91
11,Bredasdorp,ZA,2021-06-14 03:00:06,-34.5322,20.0403,48.2,93,0,1.14
12,Barrow,US,2021-06-14 03:00:07,71.2906,-156.7887,36.45,84,96,15.66
13,Tartus,SY,2021-06-14 03:00:07,34.889,35.8866,67.42,72,0,3.83
14,Ribeira Grande,PT,2021-06-14 03:00:08,38.5167,-28.7,68.4,82,14,1.99
15,Punta Arenas,CL,2021-06-14 03:00:09,-53.15,-70.9167,37.11,76,97,11.5
16,Elat,IL,2021-06-14 03:00:09,29.5581,34.9482,78.64,57,0,13.8
17,Bethel,US,2021-06-14 03:00:01,41.3712,-73.414,67.28,76,84,4.54
18,Rikitea,PF,2021-06-14 03:00:10,-23.1203,-134.9692,75.42,73,100,13.89
19,Puerto Escondido,MX,2021-06-14 03:00:10,15.85,-97.0667,81.43,61,20,0.0
20,Souillac,MU,2021-06-14 03:00:11,-20.5167,57.5167,73.36,67,60,15.99
21,Provideniya,RU,2021-06-14 03:00:11,64.3833,-173.3,36.05,97,100,12.91
22,Hope,US,2021-06-14 03:00:12,33.6671,-93.5916,83.23,64,46,3.02
23,Ferme-Neuve,CA,2021-06-14 03:00:12,46.7001,-75.4493,60.39,68,91,2.57
24,Narsaq,GL,2021-06-14 03:00:12,60.9167,-46.05,43.02,83,14,1.83
25,Kargil,IN,2021-06-14 03:00:13,34.5667,76.1,49.33,54,95,5.57
26,Butaritari,KI,2021-06-14 03:00:13,3.0707,172.7902,82.69,74,27,8.77
27,Vilhena,BR,2021-06-14 03:00:14,-12.7406,-60.1458,72.84,65,97,1.7
28,Oranjestad,AW,2021-06-14 03:00:14,12.524,-70.027,79.86,86,99,23.89
29,Lebu,CL,2021-06-14 03:00:14,-37.6167,-73.65,48.74,78,100,19.01
30,Menongue,AO,2021-06-14 03:00:15,-14.6585,17.691,43.7,56,98,2.62
31,Cape Town,ZA,2021-06-14 02:58:39,-33.9258,18.4232,53.11,99,18,2.3
32,Cabra,ES,2021-06-14 03:00:16,37.4725,-4.4421,71.91,74,0,1.59
33,Pangnirtung,CA,2021-06-14 03:00:16,66.1451,-65.7125,33.8,93,90,11.5
34,Airai,TL,2021-06-14 03:00:17,-8.9266,125.4092,74.84,45,54,3.78
35,Thompson,CA,2021-06-14 03:00:15,55.7435,-97.8558,47.64,85,33,6.78
36,Abonnema,NG,2021-06-14 03:00:17,4.7084,6.7931,76.35,90,86,6.13
37,Carnarvon,AU,2021-06-14 03:00:18,-24.8667,113.6333,68.02,60,2,17.18
38,Bluff,NZ,2021-06-14 03:00:18,-46.6,168.3333,49.8,88,98,4.25
39,Albany,US,2021-06-14 02:55:24,42.6001,-73.9662,68.61,79,84,5.73
40,Nalut,LY,2021-06-14 03:00:19,30.3333,10.85,70.29,34,0,9.75
41,Dubbo,AU,2021-06-14 03:00:19,-32.25,148.6167,57.33,51,11,5.75
42,Jamestown,US,2021-06-14 03:00:20,42.097,-79.2353,67.51,96,6,3.6
43,Vestmannaeyjar,IS,2021-06-14 03:00:20,63.4427,-20.2734,43.23,77,100,7.14
44,Havre-Saint-Pierre,CA,2021-06-14 03:00:21,50.2334,-63.5986,45.81,75,7,1.05
45,Clyde River,CA,2021-06-14 03:00:21,70.4692,-68.5914,30.43,93,90,8.05
46,Qaanaaq,GL,2021-06-14 03:00:22,77.484,-69.3632,31.21,75,57,3.53
47,Bambous Virieux,MU,2021-06-14 03:00:22,-20.3428,57.7575,73.22,60,95,15.77
48,Port Elizabeth,ZA,2021-06-14 03:00:23,-33.918,25.5701,58.8,85,41,11.59
49,Portmore,JM,2021-06-14 03:00:24,17.9702,-76.8672,77.97,79,100,2.68
50,Tuktoyaktuk,CA,2021-06-14 03:00:24,69.4541,-133.0374,34.29,98,100,10.38
51,Hasaki,JP,2021-06-14 03:00:24,35.7333,140.8333,79.29,75,100,9.33
52,Amuntai,ID,2021-06-14 03:00:25,-2.4177,115.2494,88.47,56,96,3.11
53,Nikolskoye,RU,2021-06-14 03:00:25,59.7035,30.7861,59.02,86,82,4.68
54,Trinidad,BO,2021-06-14 03:00:26,-14.8333,-64.9,63.77,78,0,1.39
55,Gomel,BY,2021-06-14 03:00:26,52.4345,30.9754,53.98,94,8,2.04
56,Clonakilty,IE,2021-06-14 03:00:27,51.6231,-8.8706,57.09,97,96,8.12
57,Kapaa,US,2021-06-14 03:00:27,22.0752,-159.319,82.38,78,77,4.0
58,Luderitz,NA,2021-06-14 03:00:27,-26.6481,15.1594,63.45,60,0,4.5
59,Issenye,TZ,2021-06-14 03:00:28,-2.0,34.3333,67.39,71,100,1.68
60,Mar Del Plata,AR,2021-06-14 03:00:28,-38.0023,-57.5575,61.09,81,64,3.0
61,Bozeman,US,2021-06-14 03:00:11,45.6796,-111.0386,82.51,50,1,8.59
62,Ilulissat,GL,2021-06-14 03:00:06,69.2167,-51.1,37.4,75,90,3.44
63,Lamar,US,2021-06-14 03:00:29,33.6668,-95.5836,83.98,82,72,3.87
64,Kourou,GF,2021-06-14 03:00:09,5.1552,-52.6478,76.1,89,75,4.81
65,Bodden Town,KY,2021-06-14 02:55:48,19.2833,-81.25,82.99,59,20,1.99
66,Atuona,PF,2021-06-14 03:00:30,-9.8,-139.0333,79.29,80,87,22.08
67,Vaini,TO,2021-06-14 03:00:29,-21.2,-175.2,75.58,72,14,17.02
68,Cherskiy,RU,2021-06-14 03:00:31,68.75,161.3,64.35,29,68,8.25
69,Fortuna,US,2021-06-14 03:00:31,40.5982,-124.1573,68.47,68,90,0.0
70,Garcia,MX,2021-06-14 03:00:32,25.8167,-100.5833,84.7,58,23,11.59
71,San Policarpo,PH,2021-06-14 03:00:32,12.1791,125.5072,83.59,69,10,6.6
72,Hithadhoo,MV,2021-06-14 03:00:33,-0.6,73.0833,82.72,73,88,9.66
73,Bilibino,RU,2021-06-14 03:00:33,68.0546,166.4372,63.91,28,84,3.44
74,Porto Walter,BR,2021-06-14 03:00:33,-8.2686,-72.7439,71.26,85,61,1.86
75,Colares,PT,2021-06-14 03:00:34,38.7992,-9.4469,67.19,76,52,4.0
76,Lompoc,US,2021-06-14 03:00:34,34.6391,-120.4579,73.38,84,40,25.01
77,Chuy,UY,2021-06-14 03:00:35,-33.6971,-53.4616,54.91,90,0,5.77
78,Mehamn,NO,2021-06-14 03:00:35,71.0357,27.8492,43.86,79,26,26.17
79,Te Anau,NZ,2021-06-14 03:00:36,-45.4167,167.7167,54.19,91,100,0.87
80,Sungurlu,TR,2021-06-14 03:00:36,40.1675,34.3739,60.15,69,86,1.7
81,Tasiilaq,GL,2021-06-14 03:00:37,65.6145,-37.6368,37.56,87,99,2.8
82,Kruisfontein,ZA,2021-06-14 03:00:37,-34.0033,24.7314,57.76,79,92,8.43
83,Ostersund,SE,2021-06-14 03:00:37,63.1792,14.6357,48.65,81,40,2.3
84,Skegness,GB,2021-06-14 03:00:38,53.1436,0.3363,64.69,94,9,11.92
85,Wanaka,NZ,2021-06-14 03:00:38,-44.7,169.15,55.13,85,98,3.44
86,The Valley,AI,2021-06-14 03:00:39,18.217,-63.0578,81.1,79,100,20.98
87,San Andres,CO,2021-06-14 02:56:46,12.5847,-81.7006,82.42,83,75,11.5
88,Nogales,MX,2021-06-14 03:00:39,31.3086,-110.9422,94.08,10,0,6.31
89,Constitucion,CL,2021-06-14 03:00:40,-35.3333,-72.4167,53.94,82,100,7.27
90,Castro,BR,2021-06-14 03:00:41,-24.7911,-50.0119,45.66,96,0,4.54
91,General Roca,AR,2021-06-14 03:00:41,-39.0333,-67.5833,50.68,38,87,13.89
92,Paramonga,PE,2021-06-14 03:00:42,-10.6667,-77.8333,65.5,84,8,7.14
93,Narayangarh,IN,2021-06-14 03:00:42,30.4833,77.1333,89.22,48,20,2.33
94,Hermanus,ZA,2021-06-14 03:00:42,-34.4187,19.2345,52.9,84,1,5.88
95,Lakes Entrance,AU,2021-06-14 03:00:43,-37.8811,147.981,59.18,68,99,4.09
96,San Jeronimo,PE,2021-06-14 03:00:43,-11.9472,-75.2829,45.95,85,13,1.86
97,Meulaboh,ID,2021-06-14 03:00:44,4.1363,96.1285,82.89,73,98,2.95
98,Hamilton,US,2021-06-14 03:00:44,39.1834,-84.5333,73.49,78,0,4.27
99,Chokurdakh,RU,2021-06-14 03:00:45,70.6333,147.9167,65.86,34,100,4.85
100,Saskylakh,RU,2021-06-14 03:00:38,71.9167,114.0833,48.42,40,65,12.17
101,Aykhal,RU,2021-06-14 03:00:45,66.0,111.5,40.33,95,100,16.6
102,Lagos,NG,2021-06-14 02:58:10,6.5833,3.75,80.92,86,30,3.27
103,Llangefni,GB,2021-06-14 03:00:46,53.2556,-4.3106,60.73,82,20,11.5
104,Lagoa,PT,2021-06-14 03:00:46,39.05,-27.9833,66.94,82,6,2.3
105,Paita,PE,2021-06-14 03:00:47,-5.0892,-81.1144,68.27,83,52,9.13
106,Labuhan,ID,2021-06-14 03:00:47,-6.8844,112.2051,85.48,64,100,8.12
107,Omboue,GA,2021-06-14 03:00:48,-1.5746,9.2618,75.81,90,99,4.88
108,Iranshahr,IR,2021-06-14 03:00:48,27.2025,60.6848,98.78,32,1,2.82
109,Alice Springs,AU,2021-06-14 03:00:49,-23.7,133.8833,74.21,21,75,11.99
110,Busselton,AU,2021-06-14 03:00:49,-33.65,115.3333,53.1,66,99,21.61
111,Lasa,IT,2021-06-14 03:00:50,46.6166,10.7002,56.03,71,1,3.83
112,Chimoio,MZ,2021-06-14 03:00:50,-19.1164,33.4833,53.02,82,0,3.36
113,Saint-Pierre,RE,2021-06-14 03:00:51,-21.3393,55.4781,71.24,72,0,8.05
114,Natal,BR,2021-06-14 03:00:51,-5.795,-35.2094,74.41,89,28,5.99
115,Am Timan,TD,2021-06-14 03:00:51,11.0297,20.2827,81.19,60,100,10.31
116,Pevek,RU,2021-06-14 03:00:52,69.7008,170.3133,39.11,73,100,7.74
117,Chara,RU,2021-06-14 03:00:52,56.9064,118.2631,52.21,80,100,3.8
118,Teya,RU,2021-06-14 03:00:53,60.3778,92.6267,56.07,42,4,8.79
119,Ostrovnoy,RU,2021-06-14 03:00:53,68.0531,39.5131,48.88,92,100,8.23
120,Marienburg,PL,2021-06-14 03:00:54,54.0359,19.0266,52.77,88,10,5.06
121,Tuatapere,NZ,2021-06-14 03:00:54,-46.1333,167.6833,49.82,92,100,2.24
122,Hobart,AU,2021-06-14 03:00:55,-42.8794,147.3294,59.02,88,40,1.01
123,Puerto Ayora,EC,2021-06-14 03:00:55,-0.7393,-90.3518,72.79,74,94,9.37
124,Egvekinot,RU,2021-06-14 03:00:55,66.3167,-179.1667,43.23,61,100,9.24
125,Caravelas,BR,2021-06-14 03:00:26,-17.7125,-39.2481,70.02,83,45,8.5
126,Norman Wells,CA,2021-06-14 03:00:56,65.282,-126.8329,47.16,87,87,10.56
127,Mataura,NZ,2021-06-14 03:00:56,-46.1927,168.8643,49.48,91,97,3.13
128,Mulchen,CL,2021-06-14 03:00:57,-37.7167,-72.2333,44.89,87,100,9.51
129,Khatanga,RU,2021-06-14 03:00:15,71.9667,102.5,38.25,96,100,16.13
130,Avera,US,2021-06-14 03:00:58,33.194,-82.5271,74.86,84,63,4.45
131,Upernavik,GL,2021-06-14 03:00:58,72.7868,-56.1549,34.79,78,100,5.06
132,Neryungri,RU,2021-06-14 03:00:58,56.6709,124.6491,56.48,94,100,5.75
133,Lima,PE,2021-06-14 02:57:37,-12.0432,-77.0282,62.85,82,40,5.75
134,Comodoro Rivadavia,AR,2021-06-14 03:00:59,-45.8667,-67.5,40.77,75,100,19.89
135,Homer,US,2021-06-14 03:00:59,59.6425,-151.5483,65.08,75,22,11.99
136,Quatre Cocos,MU,2021-06-14 03:01:00,-20.2078,57.7625,73.09,61,83,15.55
137,Carutapera,BR,2021-06-14 03:01:01,-1.195,-46.02,74.98,94,51,5.44
138,Cayenne,GF,2021-06-14 03:00:07,4.9333,-52.3333,75.99,100,90,5.82
139,Rio Gallegos,AR,2021-06-14 03:01:01,-51.6226,-69.2181,33.6,89,38,16.51
140,Cidreira,BR,2021-06-14 03:01:02,-30.1811,-50.2056,59.56,79,0,13.4
141,Bansang,GM,2021-06-14 03:01:03,13.4333,-14.65,80.58,68,100,10.42
142,Emba,KZ,2021-06-14 03:01:03,48.8264,58.1442,74.61,23,97,21.09
143,Rodrigues Alves,BR,2021-06-14 03:01:04,-7.738,-72.6509,71.47,85,52,0.65
144,San Cristobal,VE,2021-06-14 03:01:04,7.7669,-72.225,66.16,95,100,2.68
145,Karratha,AU,2021-06-14 03:01:05,-20.7377,116.8463,77.5,31,5,16.44
146,Katsuura,JP,2021-06-14 03:01:06,35.1333,140.3,76.19,79,97,11.1
147,East London,ZA,2021-06-14 03:01:06,-33.0153,27.9116,62.13,76,60,12.12
148,Guilin,CN,2021-06-14 03:01:06,25.2819,110.2864,85.41,73,77,8.59
149,Kidal,ML,2021-06-14 03:01:07,18.4411,1.4078,85.64,34,0,1.72
150,Dicabisagan,PH,2021-06-14 03:01:07,17.0818,122.4157,88.07,63,36,6.69
151,Hobyo,SO,2021-06-14 03:01:08,5.3505,48.5268,76.77,88,98,20.8
152,Felipe Carrillo Puerto,MX,2021-06-14 03:01:09,19.5833,-88.05,72.86,98,84,2.33
153,Mount Abu,IN,2021-06-14 03:01:09,24.6,72.7,76.41,58,8,13.51
154,Mount Gambier,AU,2021-06-14 03:00:42,-37.8333,140.7667,58.57,58,87,8.5
155,Kropotkin,RU,2021-06-14 03:01:10,45.4375,40.5756,63.46,87,6,2.75
156,Alofi,NU,2021-06-14 03:01:10,-19.0595,-169.9187,77.22,74,63,24.43
157,Mandalgovi,MN,2021-06-14 03:01:11,45.7625,106.2708,68.11,31,96,4.45
158,Viedma,AR,2021-06-14 02:58:05,-40.8135,-62.9967,47.19,83,100,8.23
159,Flinders,AU,2021-06-14 03:01:11,-34.5833,150.8552,67.17,62,80,4.0
160,Esmeralda,CU,2021-06-14 03:01:12,21.8525,-78.1169,77.18,87,100,1.3
161,Torbay,CA,2021-06-14 03:01:12,47.6666,-52.7314,47.68,87,50,7.0
162,Severo-Kurilsk,RU,2021-06-14 03:01:13,50.6789,156.125,43.95,94,100,15.57
163,Sisimiut,GL,2021-06-14 03:01:13,66.9395,-53.6735,36.01,76,93,4.12
164,Rawson,AR,2021-06-14 02:58:56,-43.3002,-65.1023,46.44,51,56,15.84
165,West Fargo,US,2021-06-14 02:57:02,46.875,-96.9004,73.45,38,1,0.0
166,Mastic Beach,US,2021-06-14 03:01:14,40.7668,-72.8521,66.54,86,90,8.99
167,Zhigansk,RU,2021-06-14 03:01:15,66.7697,123.3711,56.71,69,100,3.91
168,Istmina,CO,2021-06-14 03:01:16,5.1605,-76.684,72.93,98,100,1.77
169,Nioro,GM,2021-06-14 03:01:16,13.35,-15.75,80.35,65,100,11.68
170,Saldanha,ZA,2021-06-14 03:00:43,-33.0117,17.9442,53.38,85,57,5.66
171,Mackay,AU,2021-06-14 03:01:17,-21.15,149.2,83.68,82,26,5.48
172,High Level,CA,2021-06-14 03:01:17,58.5169,-117.136,70.74,40,59,1.59
173,Virginia Beach,US,2021-06-14 02:58:32,36.8529,-75.978,70.02,85,95,7.45
174,Anadyr,RU,2021-06-14 03:01:18,64.75,177.4833,48.0,61,100,7.34
175,Mao,ES,2021-06-14 03:01:18,39.8885,4.2658,68.56,73,0,2.3
176,Tura,IN,2021-06-14 03:01:19,25.5198,90.2201,83.08,76,95,6.29
177,Port-Gentil,GA,2021-06-14 03:01:19,-0.7193,8.7815,77.13,87,74,14.47
178,Flin Flon,CA,2021-06-14 03:01:00,54.7682,-101.865,63.01,56,12,4.18
179,Ginir,ET,2021-06-14 03:01:20,7.1333,40.7,53.1,85,99,5.3
180,Hoa Binh,VN,2021-06-14 03:01:21,20.8133,105.3383,85.89,82,99,1.25
181,Geraldton,AU,2021-06-14 03:01:21,-28.7667,114.6,67.12,82,75,12.66
182,Yellowknife,CA,2021-06-14 03:01:22,62.456,-114.3525,62.38,58,7,12.5
183,Chivilcoy,AR,2021-06-14 03:01:22,-34.8957,-60.0167,53.02,65,7,1.99
184,Mayo,US,2021-06-14 03:01:23,38.8876,-76.5119,71.82,85,72,1.01
185,Sao Filipe,CV,2021-06-14 03:01:23,14.8961,-24.4956,74.84,86,83,11.86
186,Businga,CD,2021-06-14 03:01:23,3.3333,20.8833,69.87,94,100,1.86
187,Esperance,AU,2021-06-14 03:01:24,-33.8667,121.9,60.64,69,48,28.77
188,Khuzhir,RU,2021-06-14 03:01:24,53.1939,107.3397,48.78,78,45,6.49
189,Sorland,NO,2021-06-14 03:01:25,67.667,12.6934,45.1,69,91,6.31
190,Leopold,AU,2021-06-14 03:01:25,-38.1833,144.4667,60.19,78,90,4.61
191,Bekhtery,UA,2021-06-14 03:01:25,46.251,32.2927,66.63,84,93,5.79
192,Lichuan,CN,2021-06-14 03:01:26,30.3,108.85,77.2,70,95,7.81
193,Sheridan,US,2021-06-14 03:01:26,44.8333,-106.9173,77.02,52,1,1.99
194,Bengkulu,ID,2021-06-14 03:00:03,-3.8004,102.2655,83.7,64,97,3.29
195,Gari,RU,2021-06-14 03:01:27,59.4307,62.3497,69.06,53,97,8.9
196,Aklavik,CA,2021-06-14 03:01:27,68.2191,-135.0107,49.6,63,97,16.6
197,Motegi,JP,2021-06-14 03:01:28,36.5167,140.1833,82.04,51,100,4.79
198,Sorong,ID,2021-06-14 03:01:28,-0.8833,131.25,81.12,78,99,3.42
199,Raga,SS,2021-06-14 03:01:29,8.4596,25.678,68.77,94,97,3.85
200,Vidim,RU,2021-06-14 03:01:29,56.4088,103.1106,59.49,56,100,11.34
201,Avarua,CK,2021-06-14 03:01:29,-21.2078,-159.775,75.25,69,40,13.8
202,Sandnessjoen,NO,2021-06-14 03:01:30,66.0217,12.6316,49.98,87,100,29.42
203,Muros,ES,2021-06-14 03:01:30,42.7762,-9.0603,68.5,92,48,5.26
204,Iqaluit,CA,2021-06-14 03:01:31,63.7506,-68.5145,34.7,80,46,13.0
205,Dikson,RU,2021-06-14 03:01:31,73.5069,80.5464,32.36,99,100,10.87
206,New Norfolk,AU,2021-06-14 03:01:32,-42.7826,147.0587,58.66,85,97,1.28
207,Portland,US,2021-06-14 02:58:42,45.5234,-122.6762,64.85,93,100,1.01
208,Layou,VC,2021-06-14 03:01:32,13.2,-61.2667,77.83,84,99,15.59
209,Shadegan,IR,2021-06-14 03:01:33,30.6497,48.6647,90.97,14,0,18.05
210,Beringovskiy,RU,2021-06-14 03:01:33,63.05,179.3167,34.05,98,100,15.46
211,Cap Malheureux,MU,2021-06-14 03:01:34,-19.9842,57.6142,73.47,66,23,7.0
212,Yulara,AU,2021-06-14 03:01:34,-25.2406,130.9889,68.23,33,1,6.69
213,Husavik,IS,2021-06-14 03:01:35,66.0449,-17.3389,34.63,87,100,8.48
214,Kimparana,ML,2021-06-14 03:01:35,12.8347,-4.9244,90.3,40,95,10.36
215,Cabo San Lucas,MX,2021-06-14 03:00:10,22.8909,-109.9124,84.51,80,70,6.85
216,Kavieng,PG,2021-06-14 03:01:36,-2.5744,150.7967,85.41,64,9,10.2
217,Armenia,AM,2021-06-14 03:01:36,40.0,45.0,48.72,61,0,3.29
218,Seaford,GB,2021-06-14 03:01:36,50.7714,0.1027,61.43,89,5,4.0
219,Loksa,EE,2021-06-14 03:01:37,59.5764,25.7214,55.92,80,48,8.52
220,Gornopravdinsk,RU,2021-06-14 03:01:37,60.05,69.9,72.41,47,98,7.38
221,Korla,CN,2021-06-14 03:01:38,41.7597,86.1469,72.16,28,100,16.11
222,Ahipara,NZ,2021-06-14 03:01:38,-35.1667,173.1667,63.25,90,69,7.61
223,Ponta Do Sol,PT,2021-06-14 03:01:39,32.6667,-17.1,70.43,75,91,6.13
224,Kaitangata,NZ,2021-06-14 03:01:39,-46.2817,169.8464,53.71,91,99,4.61
225,Harper,LR,2021-06-14 03:01:40,4.375,-7.7169,78.19,85,89,5.95
226,Aquiraz,BR,2021-06-14 03:01:40,-3.9014,-38.3911,81.18,82,10,9.1
227,Ereymentau,KZ,2021-06-14 03:01:41,51.6199,73.1033,67.46,65,7,8.77
228,Muisne,EC,2021-06-14 03:01:41,0.6,-80.0333,76.48,87,100,6.58
229,Codrington,AU,2021-06-14 03:01:42,-38.2667,141.9667,59.65,60,98,8.48
230,Borogontsy,RU,2021-06-14 03:01:42,62.6683,131.1683,69.62,30,2,4.85
231,Kamaishi,JP,2021-06-14 03:01:42,39.2667,141.8833,71.58,84,62,4.07
232,Longyearbyen,SJ,2021-06-14 03:01:43,78.2186,15.6401,29.71,79,100,5.55
233,Victoria,HK,2021-06-14 02:59:02,22.2855,114.1577,89.04,80,98,1.01
234,Klaksvik,FO,2021-06-14 03:01:43,62.2266,-6.589,49.12,85,99,19.84
235,Lata,PT,2021-06-14 03:01:44,40.1629,-8.3327,60.93,90,25,2.15
236,Georgetown,MY,2021-06-14 03:01:44,5.4112,100.3354,87.89,73,20,4.61
237,Gold Coast,AU,2021-06-14 02:59:54,-28.0,153.4333,73.78,57,0,8.05
238,Jian,CN,2021-06-14 03:01:45,27.1172,114.9793,88.32,67,74,13.42
239,Arlit,NE,2021-06-14 03:01:46,18.7369,7.3853,87.91,11,0,10.51
240,Nanortalik,GL,2021-06-14 03:01:46,60.1432,-45.2371,34.7,91,44,0.69
241,Chipinge,ZW,2021-06-14 03:01:46,-20.1883,32.6236,49.6,73,0,1.45
242,Kushmurun,KZ,2021-06-14 03:01:47,52.4503,64.6311,73.76,39,10,3.71
243,Tiznit,MA,2021-06-14 03:01:47,29.5833,-9.5,62.15,82,57,0.69
244,Floro,NO,2021-06-14 03:01:48,61.5996,5.0328,51.76,100,90,16.11
245,Ati,TD,2021-06-14 03:01:48,13.2154,18.3353,87.67,47,100,10.29
246,Vanimo,PG,2021-06-14 03:01:49,-2.6741,141.3028,86.59,65,6,8.52
247,Ojinaga,MX,2021-06-14 03:01:50,29.5667,-104.4167,95.95,16,1,8.05
248,Salalah,OM,2021-06-14 03:01:50,17.0151,54.0924,82.44,84,48,8.43
249,Pueblo,US,2021-06-14 03:01:50,38.2545,-104.6091,84.96,41,0,3.0
250,Rajgurunagar,IN,2021-06-14 03:01:51,18.8667,73.9,77.67,74,60,13.87
251,Armilla,ES,2021-06-14 03:01:51,37.141,-3.6185,68.68,66,0,1.01
252,Belmonte,BR,2021-06-14 03:01:51,-15.8631,-38.8828,72.99,77,95,10.54
253,Grindavik,IS,2021-06-14 03:01:49,63.8424,-22.4338,39.67,75,0,16.11
254,Kerema,PG,2021-06-14 03:01:52,-7.9631,145.7785,83.05,74,46,5.61
255,Chumikan,RU,2021-06-14 03:01:53,54.7183,135.315,46.58,70,100,5.93
256,Gat,IL,2021-06-14 03:00:07,31.61,34.7642,70.48,100,0,3.29
257,Saint George,US,2021-06-14 03:01:02,37.1041,-113.5841,97.39,5,1,11.5
258,Hofn,IS,2021-06-14 03:01:53,64.2539,-15.2082,38.1,68,99,17.9
259,Raudeberg,NO,2021-06-14 03:01:54,61.9875,5.1352,51.19,95,100,24.34
260,Grande-Synthe,FR,2021-06-14 03:01:54,51.0154,2.2998,58.14,80,6,5.84
261,Charters Towers,AU,2021-06-14 03:01:55,-20.1,146.2667,80.08,59,93,5.75
262,Thinadhoo,MV,2021-06-14 03:01:55,0.5333,72.9333,82.36,73,95,8.93
263,Candido De Abreu,BR,2021-06-14 03:01:56,-24.5669,-51.3333,51.06,91,0,2.89
264,Svencionys,LT,2021-06-14 03:01:56,55.15,26.1667,46.92,85,16,7.49
265,Santa Maria Do Suacui,BR,2021-06-14 03:01:57,-18.1903,-42.4142,61.83,86,43,1.01
266,Maceio,BR,2021-06-14 03:01:57,-9.6658,-35.7353,75.99,83,62,7.2
267,Sao Miguel Do Tapuio,BR,2021-06-14 03:01:58,-5.5036,-41.3233,73.4,54,47,3.87
268,Buala,SB,2021-06-14 03:01:58,-8.145,159.5921,82.85,77,90,9.46
269,Marovoay,MG,2021-06-14 03:01:58,-16.1,46.6333,71.74,85,100,2.68
270,Rio Verde De Mato Grosso,BR,2021-06-14 03:01:59,-18.9181,-54.8442,66.63,59,0,5.44
271,Isangel,VU,2021-06-14 03:01:59,-19.55,169.2667,78.94,78,15,11.99
272,Vaitape,PF,2021-06-14 03:02:00,-16.5167,-151.75,79.74,79,75,13.53
273,Kavaratti,IN,2021-06-14 03:02:00,10.5669,72.642,83.66,77,100,22.86
274,Langenburg,DE,2021-06-14 03:02:01,49.2544,9.8458,53.92,87,1,6.91
275,Sept-Iles,CA,2021-06-14 03:02:01,50.2001,-66.3821,48.06,72,4,1.01
276,Blackwater,AU,2021-06-14 03:02:02,-23.5833,148.8833,70.57,75,99,2.77
277,Aswan,EG,2021-06-14 03:02:02,24.0934,32.907,86.11,27,16,14.76
278,Gandajika,CD,2021-06-14 03:02:03,-6.75,23.95,63.72,49,95,3.56
279,Saint-Philippe,RE,2021-06-14 03:02:03,-21.3585,55.7679,71.15,78,84,17.0
280,Dawei,MM,2021-06-14 03:02:04,14.0833,98.2,80.56,88,100,8.48
281,Tessalit,ML,2021-06-14 03:02:04,20.1986,1.0114,87.42,27,46,8.84
282,Ignalina,LT,2021-06-14 03:02:05,55.35,26.1667,47.37,85,14,7.14
283,Ouesso,CG,2021-06-14 03:02:05,1.6136,16.0517,67.91,99,97,1.5
284,Buraydah,SA,2021-06-14 02:58:58,26.326,43.975,77.45,21,1,2.53
285,Mocuba,MZ,2021-06-14 03:02:06,-16.8392,36.9856,59.77,98,2,3.58
286,Chernyshevskiy,RU,2021-06-14 03:02:06,63.0128,112.4714,66.61,43,96,2.57
287,Mamou,GN,2021-06-14 03:02:07,10.5,-12.0,67.46,98,100,1.77
288,Hay River,CA,2021-06-14 03:01:00,60.8156,-115.7999,63.73,44,59,6.58
289,Nurota,UZ,2021-06-14 03:02:07,40.5614,65.6886,73.49,20,0,17.0
290,Kahului,US,2021-06-14 03:00:00,20.8947,-156.47,78.96,86,67,12.03
291,Udachnyy,RU,2021-06-14 03:02:08,66.4167,112.4,45.1,77,100,14.27
292,Leningradskiy,RU,2021-06-14 03:02:08,69.3833,178.4167,39.58,76,3,14.2
293,Preobrazheniye,RU,2021-06-14 03:02:09,42.9019,133.9064,60.08,80,100,8.95
294,Qui Nhon,VN,2021-06-14 03:02:09,13.7667,109.2333,86.4,60,100,8.19
295,Bundaberg,AU,2021-06-14 03:02:10,-24.85,152.35,69.22,81,97,1.01
296,Kirovsk,UA,2021-06-14 03:02:10,48.6375,38.6428,62.8,81,41,2.06
297,Rosa Zarate,EC,2021-06-14 03:02:11,0.3333,-79.4667,73.45,94,97,1.39
298,Samarai,PG,2021-06-14 03:02:12,-10.6167,150.6667,81.88,76,32,9.04
299,Saint Anthony,US,2021-06-14 03:02:12,45.0205,-93.218,80.65,47,1,13.8
300,Sibenik,HR,2021-06-14 03:02:12,43.7272,15.9058,66.54,65,0,10.47
301,Senovo,SI,2021-06-14 03:02:13,46.0236,15.4769,54.39,79,0,1.01
302,Tabou,CI,2021-06-14 03:02:13,4.423,-7.3528,78.1,85,81,4.52
303,Vardo,NO,2021-06-14 03:02:14,70.3705,31.1107,48.4,69,76,16.04
304,Tikrit,IQ,2021-06-14 03:02:14,34.6071,43.6782,82.56,19,0,7.94
305,Krasnokamensk,RU,2021-06-14 03:02:15,50.0979,118.0369,64.08,86,100,5.84
306,Farah,AF,2021-06-14 02:57:41,32.5,62.5,86.36,8,0,7.4
307,Nokaneng,BW,2021-06-14 03:02:15,-19.6667,22.2667,50.85,46,0,3.36
308,Necochea,AR,2021-06-14 03:02:16,-38.5473,-58.7368,52.03,83,100,8.34
309,Launceston,AU,2021-06-14 03:02:16,-41.45,147.1667,59.14,71,90,1.01
310,Rongcheng,CN,2021-06-14 03:02:16,30.634,117.8517,88.02,71,100,4.79
311,Namibe,AO,2021-06-14 02:57:49,-15.1961,12.1522,69.93,62,3,1.92
312,Nemuro,JP,2021-06-14 03:02:17,43.3236,145.575,50.88,94,84,7.52
313,Tiksi,RU,2021-06-14 03:02:18,71.6872,128.8694,38.39,77,98,3.74
314,Salym,RU,2021-06-14 03:02:18,60.0625,71.4789,72.64,45,74,6.73
315,Macapa,BR,2021-06-14 02:57:37,0.0389,-51.0664,80.58,94,0,4.61
316,Yangambi,CD,2021-06-14 03:02:19,0.8102,24.4336,70.66,87,100,3.58
317,Haines Junction,CA,2021-06-14 03:02:19,60.7522,-137.5108,57.83,62,99,7.76
318,Thalassery,IN,2021-06-14 03:02:19,11.75,75.5333,79.25,85,100,10.8
319,Casas Grandes,MX,2021-06-14 03:02:20,30.3667,-107.95,87.44,16,3,12.46
320,Camacha,PT,2021-06-14 03:02:20,33.0833,-16.3333,66.96,73,40,13.8
321,Chapais,CA,2021-06-14 03:02:21,49.7834,-74.8492,56.8,60,100,3.27
322,Kars,TR,2021-06-14 03:02:21,40.602,43.095,41.85,76,2,0.38
323,Faya,SA,2021-06-14 03:02:21,18.3851,42.4509,65.3,12,90,7.49
324,Yenagoa,NG,2021-06-14 03:02:22,4.9247,6.2642,75.85,92,93,4.65
325,Naujamiestis,LT,2021-06-14 03:02:22,55.6869,24.1523,47.35,89,10,8.41
326,Coihaique,CL,2021-06-14 02:57:56,-45.5752,-72.0662,33.75,75,0,2.3
327,Morant Bay,JM,2021-06-14 03:00:01,17.8815,-76.4093,77.63,89,100,8.39
328,Colac,AU,2021-06-14 03:02:23,-38.3333,143.5833,59.16,62,75,4.34
329,Wanning,CN,2021-06-14 03:02:24,18.8003,110.3967,87.51,65,100,10.54
330,Truckee,US,2021-06-14 02:57:55,39.328,-120.1833,74.62,60,1,11.5
331,Kabinda,CD,2021-06-14 03:02:24,-6.1333,24.4833,65.43,49,83,4.27
332,Fairbanks,US,2021-06-14 03:02:15,64.8378,-147.7164,69.1,56,94,1.99
333,Half Moon Bay,US,2021-06-14 03:00:15,37.4636,-122.4286,74.8,80,48,4.34
334,Namatanai,PG,2021-06-14 03:02:25,-3.6667,152.4333,84.87,65,15,6.73
335,Bloomfield,US,2021-06-14 02:58:16,40.8068,-74.1854,68.5,77,90,1.01
336,Hokitika,NZ,2021-06-14 03:02:26,-42.7167,170.9667,58.73,87,9,5.26
337,Maumere,ID,2021-06-14 03:02:26,-8.6199,122.2111,83.25,71,92,3.15
338,Asau,RO,2021-06-14 03:02:27,46.4333,26.4,55.76,88,93,4.05
339,Bati,ET,2021-06-14 03:02:27,11.1833,40.0167,73.78,27,93,6.42
340,Oistins,BB,2021-06-14 03:02:28,13.0667,-59.5333,79.86,85,100,21.16
341,Paoua,CF,2021-06-14 03:02:28,7.2427,16.4406,69.71,82,99,4.07
342,Bedesa,ET,2021-06-14 03:02:29,8.9,40.7833,59.14,84,100,5.39
343,Getulio Vargas,UY,2021-06-14 03:02:29,-32.6796,-53.5494,54.23,85,0,5.5
344,Magnitogorsk,RU,2021-06-14 03:02:30,53.4186,59.0472,61.63,72,20,2.24
345,Hue,VN,2021-06-14 03:02:30,16.4667,107.6,87.91,66,75,3.44
346,Soyo,AO,2021-06-14 03:02:30,-6.1349,12.3689,74.17,90,67,4.7
347,Fort Saint James,CA,2021-06-14 03:02:31,54.4333,-124.25,59.47,74,59,4.03
348,Pacific Grove,US,2021-06-14 03:02:31,36.6177,-121.9166,73.15,88,32,3.0
349,La Tuque,CA,2021-06-14 03:02:32,47.4334,-72.7824,55.44,89,44,4.63
350,Lulea,SE,2021-06-14 03:02:32,65.5842,22.1547,50.07,66,75,4.61
351,Zhangjiakou,CN,2021-06-14 03:01:28,40.81,114.8794,72.39,74,100,3.2
352,Griffith,US,2021-06-14 03:02:33,41.5284,-87.4237,78.73,59,1,0.0
353,Laramie,US,2021-06-14 03:02:33,41.3114,-105.5911,71.98,30,1,18.41
354,Victor Harbor,AU,2021-06-14 03:02:34,-35.5667,138.6167,67.91,80,87,10.71
355,Nome,US,2021-06-14 03:02:34,64.5011,-165.4064,46.47,87,90,12.66
356,Manado,ID,2021-06-14 03:02:35,1.487,124.8455,88.57,62,40,6.91
357,Opuwo,NA,2021-06-14 03:01:39,-18.0607,13.84,54.37,30,0,7.29
358,Petrovice U Karvine,CZ,2021-06-14 03:02:35,49.8959,18.5478,51.42,89,94,3.6
359,Yelan-Koleno,RU,2021-06-14 03:02:36,51.1523,41.2306,63.73,87,0,2.33
360,Marsa Matruh,EG,2021-06-14 03:02:36,31.3525,27.2453,70.34,77,0,11.92
361,Grand Gaube,MU,2021-06-14 03:02:36,-20.0064,57.6608,73.38,66,28,7.0
362,Marawi,PH,2021-06-14 03:02:37,7.9986,124.2928,81.64,64,15,2.21
363,Takanabe,JP,2021-06-14 03:02:37,32.1333,131.5,78.55,77,63,5.64
364,Trofors,NO,2021-06-14 03:02:38,65.5333,13.4063,49.35,91,100,7.83
365,San Javier,ES,2021-06-14 03:02:38,37.8063,-0.8374,74.03,57,0,1.99
366,Henties Bay,NA,2021-06-14 03:02:39,-22.116,14.2845,67.6,40,2,4.47
367,Laguna,US,2021-06-14 03:02:39,38.421,-121.4238,84.45,55,1,4.0
368,Vangaindrano,MG,2021-06-14 03:02:39,-23.35,47.6,63.64,95,100,4.38
369,Richards Bay,ZA,2021-06-14 03:02:40,-28.783,32.0377,65.86,42,0,6.06
370,Salinopolis,BR,2021-06-14 03:02:05,-0.6136,-47.3561,77.22,89,84,7.4
371,Whitehorse,CA,2021-06-14 03:02:40,60.7161,-135.0538,60.1,65,61,4.29
372,Beyneu,KZ,2021-06-14 03:02:41,45.3167,55.2,83.71,26,100,19.77
373,Los Llanos De Aridane,ES,2021-06-14 03:02:41,28.6585,-17.9182,65.95,90,0,12.66
374,Bogorodskoye,RU,2021-06-14 03:02:42,56.55,37.8833,60.78,86,4,4.27
375,Ust-Nera,RU,2021-06-14 03:02:42,64.5667,143.2,63.68,58,98,13.29
376,Humberto De Campos,BR,2021-06-14 03:02:42,-2.5983,-43.4611,74.68,95,23,4.16
377,Ancud,CL,2021-06-14 03:02:43,-41.8697,-73.8203,43.25,74,5,4.94
378,Takoradi,GH,2021-06-14 02:59:06,4.8845,-1.7554,78.94,86,97,7.25
379,Port Lincoln,AU,2021-06-14 03:02:43,-34.7333,135.8667,62.37,49,31,8.9
380,Kavarskas,LT,2021-06-14 03:02:44,55.4333,24.9167,46.56,92,0,6.87
381,Niceville,US,2021-06-14 03:00:00,30.5169,-86.4822,80.91,84,75,7.0
382,Bichura,RU,2021-06-14 03:02:45,50.5881,107.6022,66.16,43,75,3.58
383,Santa Cruz,BO,2021-06-14 03:02:45,-17.8,-63.1667,59.32,67,0,5.26
384,Sabaudia,IT,2021-06-14 03:02:46,41.3003,13.0282,71.2,97,0,3.02
385,Surgut,RU,2021-06-14 03:02:46,61.25,73.4167,73.58,49,0,6.71
386,Deputatskiy,RU,2021-06-14 03:02:46,69.3,139.9,61.09,37,100,1.77
387,Inhambane,MZ,2021-06-14 03:02:47,-23.865,35.3833,62.76,84,0,2.53
388,Resplendor,BR,2021-06-14 03:02:47,-19.3256,-41.2553,67.75,79,74,2.62
389,Rock Hill,US,2021-06-14 02:59:11,34.9249,-81.0251,73.98,89,99,1.25
390,Brae,GB,2021-06-14 03:02:48,60.3964,-1.353,49.91,91,75,21.18
391,Southbridge,US,2021-06-14 03:02:49,42.0751,-72.0334,66.09,94,6,5.21
392,Verkhnevilyuysk,RU,2021-06-14 03:02:49,63.4453,120.3167,70.56,34,100,4.97
393,Dingle,PH,2021-06-14 03:02:50,10.9995,122.6711,87.22,66,74,3.2
394,Santa Marta,CO,2021-06-14 03:02:50,11.2408,-74.199,83.98,77,51,4.34
395,Bontang,ID,2021-06-14 03:02:51,0.1333,117.5,79.43,76,100,3.76
396,Chifeng,CN,2021-06-14 02:59:24,42.2683,118.9636,78.71,58,100,11.56
397,Linqiong,CN,2021-06-14 03:02:51,30.4159,103.4609,78.78,69,100,2.71
398,Mint Hill,US,2021-06-14 03:02:52,35.1796,-80.6473,73.0,88,100,1.48
399,Lubango,AO,2021-06-14 03:02:52,-14.9172,13.4925,50.52,36,32,4.18
400,Leh,IN,2021-06-14 03:02:53,34.1667,77.5833,52.21,48,46,6.24
401,Barcelos,PT,2021-06-14 03:02:53,41.5388,-8.6151,68.85,91,11,2.64
402,Alekseyevka,RU,2021-06-14 03:02:54,50.6309,38.6903,63.93,85,2,1.83
403,Bandrele,YT,2021-06-14 03:02:54,-12.9067,45.1914,76.75,78,20,14.97
404,Ngunguru,NZ,2021-06-14 03:02:54,-35.6167,174.5,68.16,94,100,9.33
405,Pochutla,MX,2021-06-14 03:02:55,15.7432,-96.4661,79.65,90,99,2.28
406,Sakaraha,MG,2021-06-14 03:02:55,-22.9,44.5333,59.56,90,1,2.08
407,Sitka,US,2021-06-14 02:58:52,57.0531,-135.33,61.14,62,70,5.66
408,Coahuayana,MX,2021-06-14 03:02:56,18.7333,-103.6833,77.52,77,76,0.63
409,Oranjemund,NA,2021-06-14 03:02:56,-28.55,16.4333,56.34,77,100,5.59
410,Beaumont,US,2021-06-14 03:02:57,30.0861,-94.1019,86.04,81,40,0.0
411,Aguimes,ES,2021-06-14 03:02:57,27.9054,-15.4461,67.86,75,75,19.57
412,Cap-Chat,CA,2021-06-14 03:02:58,49.1001,-66.6821,49.96,55,2,7.29
413,Oxford,GB,2021-06-14 03:00:16,51.7522,-1.256,62.67,85,0,5.88
414,San Juan,AR,2021-06-14 02:58:44,-31.5375,-68.5364,60.06,43,20,9.73
415,Vicuna,CL,2021-06-14 03:02:59,-30.0319,-70.7081,60.51,43,0,1.77
416,Hualmay,PE,2021-06-14 03:02:59,-11.0964,-77.6139,64.74,83,1,6.91
417,Shahreza,IR,2021-06-14 03:02:59,32.0339,51.8794,80.78,14,0,2.86
418,Camaqua,BR,2021-06-14 03:03:00,-30.8511,-51.8122,53.13,85,1,4.07
419,Kerrville,US,2021-06-14 03:01:35,30.0474,-99.1403,83.55,75,1,0.0
420,Yinchuan,CN,2021-06-14 03:03:01,38.4681,106.2731,68.52,60,100,4.18
421,Norrtalje,SE,2021-06-14 03:03:01,59.758,18.705,55.44,65,22,7.74
422,Guerrero Negro,MX,2021-06-14 03:01:01,27.9769,-114.0611,63.07,89,21,13.53
423,Valparaiso,CL,2021-06-14 03:02:26,-33.0393,-71.6273,53.47,77,87,4.45
424,Lorengau,PG,2021-06-14 03:03:02,-2.0226,147.2712,85.71,62,84,10.16
425,Limbang,MY,2021-06-14 03:03:03,4.75,115.0,87.91,71,100,2.33
426,Saint-Francois,FR,2021-06-14 03:03:03,46.4154,3.9054,54.68,95,0,2.3
427,Terrace Bay,CA,2021-06-14 03:03:04,48.7834,-87.1,52.29,97,93,5.46
428,Bowen,AU,2021-06-14 03:03:04,-20.0167,148.2333,75.78,80,37,7.87
429,Srednekolymsk,RU,2021-06-14 03:03:05,67.45,153.6833,78.53,25,85,7.67
430,Yamada,JP,2021-06-14 03:03:05,39.4667,141.95,73.89,72,29,5.46
431,Talara,PE,2021-06-14 03:03:06,-4.5772,-81.2719,67.5,86,91,8.01
432,Shimoda,JP,2021-06-14 03:03:06,34.6667,138.95,81.16,69,100,5.41
433,Thunder Bay,CA,2021-06-14 02:59:52,48.4001,-89.3168,66.18,63,75,11.5
434,Kieta,PG,2021-06-14 03:03:07,-6.2167,155.6333,83.52,77,11,6.78
435,Ust-Kulom,RU,2021-06-14 03:03:08,61.6864,53.6902,64.54,87,35,6.46
436,Bururi,BI,2021-06-14 03:03:08,-3.85,29.6333,56.28,82,93,2.01
437,Loreto,MX,2021-06-14 03:03:09,22.2667,-101.9667,63.43,72,99,16.91
438,Vao,NC,2021-06-14 03:03:09,-22.6667,167.4833,73.8,81,96,5.5
439,Fukue,JP,2021-06-14 03:03:10,32.6881,128.8419,72.86,77,100,4.52
440,Kanigoro,ID,2021-06-14 03:03:11,-8.13,112.219,84.42,66,100,4.99
441,Linxi,CN,2021-06-14 03:03:11,39.7,118.4333,83.73,67,100,8.66
442,Olafsvik,IS,2021-06-14 03:03:12,64.8945,-23.7142,38.28,84,92,32.75
443,Nsunga,TZ,2021-06-14 03:03:12,-1.1439,31.3947,61.41,82,100,2.04
444,Usinsk,RU,2021-06-14 03:03:13,65.9939,57.5281,66.58,64,91,12.19
445,Santa Cruz De La Palma,ES,2021-06-14 03:03:13,28.6835,-17.7642,69.94,73,0,12.66
446,Pavelets,RU,2021-06-14 03:03:14,53.7883,39.246,63.12,89,3,4.18
447,Lavrentiya,RU,2021-06-14 03:03:15,65.5833,-171.0,35.35,98,100,9.86
448,Pavilosta,LV,2021-06-14 03:03:15,56.8879,21.1859,42.75,68,55,4.52
449,Mahanoro,MG,2021-06-14 03:03:15,-19.9,48.8,66.34,94,100,12.48
450,Itaituba,BR,2021-06-14 03:03:16,-4.2761,-55.9836,76.24,76,80,1.54
451,Dunedin,NZ,2021-06-14 03:03:16,-45.8742,170.5036,53.8,96,81,8.43
452,Kismayo,SO,2021-06-14 03:03:17,-0.3582,42.5454,77.32,81,86,15.19
453,Ures,MX,2021-06-14 03:03:17,29.4333,-110.4,91.06,31,11,13.6
454,Mayumba,GA,2021-06-14 03:03:18,-3.432,10.6554,75.11,89,65,2.77
455,Anori,BR,2021-06-14 03:03:18,-3.7728,-61.6442,74.41,87,78,2.68
456,Cheney,US,2021-06-14 03:00:23,47.4874,-117.5758,81.48,46,59,4.23
457,Straumen,NO,2021-06-14 03:03:19,63.8709,11.2999,52.95,90,100,11.12
458,Padang,ID,2021-06-14 03:03:20,-0.9492,100.3543,84.18,76,18,3.58
459,Saint Andrews,US,2021-06-14 03:03:20,34.0454,-81.1293,75.11,78,75,0.0
460,Salinas,US,2021-06-14 03:03:21,36.6777,-121.6555,73.56,75,1,8.05
461,Emerald,AU,2021-06-14 03:03:22,-23.5333,148.1667,73.35,79,100,2.8
462,Yumen,CN,2021-06-14 03:03:22,40.2833,97.2,74.32,31,100,12.59
463,Duxbury,US,2021-06-14 03:03:23,42.0418,-70.6723,67.68,77,1,1.01
464,Mount Isa,AU,2021-06-14 03:03:23,-20.7333,139.5,80.37,12,75,6.91
465,Axim,GH,2021-06-14 03:03:24,4.8699,-2.2405,78.8,86,90,6.08
466,Mackenzie,CA,2021-06-14 03:03:24,55.2999,-123.1698,53.82,82,90,11.5
467,Bela,IN,2021-06-14 03:03:24,25.9333,81.9833,77.47,94,100,12.21
468,Acapulco,MX,2021-06-14 03:00:12,16.8634,-99.8901,80.06,82,72,3.51
469,Namtsy,RU,2021-06-14 03:03:25,62.7161,129.6658,69.91,26,7,2.17
470,Torrington,US,2021-06-14 03:03:25,41.8007,-73.1212,67.68,87,36,4.9
471,Kannangad,IN,2021-06-14 03:03:26,12.3081,75.1063,80.11,83,100,13.76
472,Komsomolskiy,UZ,2021-06-14 03:03:26,40.4272,71.7189,76.42,52,10,9.22
473,Angoche,MZ,2021-06-14 03:03:27,-16.2325,39.9086,66.31,90,24,7.72
474,Asfi,MA,2021-06-14 02:58:44,32.2994,-9.2372,65.01,93,1,8.19
475,Mamontovo,RU,2021-06-14 03:03:27,52.7055,81.6244,64.17,70,68,11.63
476,Malanje,AO,2021-06-14 03:03:28,-9.5402,16.341,54.72,44,53,4.97
477,Imbituba,BR,2021-06-14 03:01:50,-28.24,-48.6703,56.05,86,0,7.0
478,Lakatoro,VU,2021-06-14 03:03:28,-16.0999,167.4164,81.9,68,72,7.09
479,Svetlogorsk,BY,2021-06-14 03:03:29,52.6333,29.7333,54.5,93,92,3.44
480,Anahuac,MX,2021-06-14 03:03:29,27.2333,-100.15,89.46,38,0,14.16
481,Auki,SB,2021-06-14 03:03:29,-8.7676,160.7034,83.86,72,86,3.87
482,Bouna,CI,2021-06-14 03:03:30,9.2667,-3.0,73.74,89,18,6.15
483,Porto Novo,BJ,2021-06-14 03:03:30,6.4965,2.6036,78.75,82,82,6.04
484,Alghero,IT,2021-06-14 03:03:31,40.5589,8.3181,64.49,100,5,1.14
485,Kaoma,ZM,2021-06-14 03:02:14,-14.7833,24.8,44.69,50,7,5.23
486,Miri,MY,2021-06-14 03:03:32,4.4148,114.0089,86.86,64,100,2.26
487,Moron,AR,2021-06-14 03:03:32,-34.6534,-58.6198,61.99,86,2,1.99
488,Roma,US,2021-06-14 03:03:33,43.2128,-75.4557,76.86,64,1,6.91
489,Kayerkan,RU,2021-06-14 03:03:34,69.3497,87.7602,47.05,73,67,8.72
490,Eureka,US,2021-06-14 03:03:34,40.8021,-124.1637,65.62,95,100,3.0
491,Mundargi,IN,2021-06-14 03:03:34,15.2167,75.9,73.56,81,100,19.13
492,Manono,CD,2021-06-14 03:03:35,-7.3,27.4167,65.25,54,86,3.78
493,Luganville,VU,2021-06-14 03:03:35,-15.5333,167.1667,81.39,74,72,9.82
494,Kitimat,CA,2021-06-14 02:59:43,54.0524,-128.6534,61.18,87,62,3.85
495,Kalanwali,IN,2021-06-14 03:03:36,29.85,74.95,92.57,44,0,5.95
496,Rocha,UY,2021-06-14 03:03:36,-34.4833,-54.3333,53.49,91,5,7.07
497,Ketchikan,US,2021-06-14 03:03:37,55.3422,-131.6461,54.64,95,100,3.8
498,Bani,DO,2021-06-14 03:03:37,18.2833,-70.3333,80.74,83,17,7.07
499,Saint-Augustin,CA,2021-06-14 03:01:13,51.226,-58.6502,43.57,90,24,2.17
500,Manyoni,TZ,2021-06-14 03:03:38,-5.7467,34.8382,54.01,87,48,1.61
501,Altay,CN,2021-06-14 03:03:38,47.8667,88.1167,57.45,42,13,6.31
502,La Asuncion,VE,2021-06-14 03:03:39,11.0333,-63.8628,77.74,89,25,11.45
503,Vestmanna,FO,2021-06-14 03:03:39,62.1564,-7.1664,47.32,93,90,11.5
504,Jackson,US,2021-06-14 03:03:40,42.4165,-122.8345,68.36,75,90,11.5
505,Pasni,PK,2021-06-14 03:02:10,25.2631,63.471,83.14,79,99,6.93
506,Naryan-Mar,RU,2021-06-14 03:03:40,67.6713,53.087,70.65,51,49,13.56
507,Kingman,US,2021-06-14 03:03:41,35.1894,-114.053,98.08,6,1,10.36
508,Fort Nelson,CA,2021-06-14 03:03:41,58.8053,-122.7002,70.02,42,61,1.01
509,Gamba,GA,2021-06-14 03:03:42,-2.65,10.0,75.9,88,100,2.3
510,Gizo,SB,2021-06-14 03:03:42,-8.103,156.8419,82.98,74,87,7.85
511,Kouroussa,GN,2021-06-14 03:03:43,10.65,-9.8833,72.91,90,100,4.65
512,Areosa,PT,2021-06-14 03:03:43,41.7178,-8.8571,69.24,91,26,3.96
513,Verkhoyansk,RU,2021-06-14 03:03:43,67.5447,133.385,69.17,30,18,6.38
514,Sanok,PL,2021-06-14 03:03:44,49.5557,22.2056,56.43,100,97,8.86
515,Nouakchott,MR,2021-06-14 03:03:44,18.0858,-15.9785,71.53,85,37,10.76
516,Nioaque,BR,2021-06-14 03:03:45,-21.1353,-55.83,59.83,73,0,4.56
517,Fushan,CN,2021-06-14 03:03:45,37.4958,121.2581,83.44,42,100,10.4
518,Presidente Medici,BR,2021-06-14 03:03:46,-11.1753,-61.9014,74.68,69,54,2.26
519,Kommunar,RU,2021-06-14 03:03:46,59.6206,30.39,58.66,87,72,5.01
520,Koutiala,ML,2021-06-14 03:03:47,12.3917,-5.4642,87.26,47,100,11.05
521,Trujillo,PE,2021-06-14 03:03:47,-8.116,-79.03,66.76,88,9,6.2
522,Manicore,BR,2021-06-14 03:03:48,-5.8092,-61.3003,74.84,74,54,3.04
523,Asnaes,DK,2021-06-14 03:03:48,55.8123,11.5013,59.9,91,0,7.0
524,Arcata,US,2021-06-14 03:01:04,40.8665,-124.0828,65.62,96,90,0.0
525,Sola,VU,2021-06-14 03:03:49,-13.8833,167.55,80.47,75,59,16.67
526,Kansanshi,ZM,2021-06-14 03:03:49,-12.0951,26.4273,44.58,64,9,3.94
527,Northam,GB,2021-06-14 03:03:50,51.0333,-4.2167,59.47,87,6,3.47
528,Bonfim,BR,2021-06-14 03:03:50,3.0833,-59.95,77.5,79,85,3.89
529,Vanavara,RU,2021-06-14 03:03:51,60.34,102.2797,42.3,96,100,11.27
530,Thanh Hoa,VN,2021-06-14 03:01:10,19.8,105.7667,87.08,66,95,8.86
531,Aksarka,RU,2021-06-14 03:03:51,66.5606,67.7975,68.76,58,13,7.47
532,Rovaniemi,FI,2021-06-14 03:01:39,66.5,25.7167,47.61,76,0,5.75
533,Taoudenni,ML,2021-06-14 03:03:52,22.6783,-3.9836,98.44,11,0,9.84
534,Sydney,AU,2021-06-14 03:01:27,-33.8679,151.2073,66.31,67,75,1.01
535,Zemio,CF,2021-06-14 03:03:53,5.0314,25.1361,68.52,97,100,1.77
536,Swellendam,ZA,2021-06-14 03:03:53,-34.0226,20.4417,52.79,93,36,2.84
537,Nabire,ID,2021-06-14 03:03:54,-3.3667,135.4833,85.75,65,97,4.83
538,Naze,JP,2021-06-14 03:03:54,28.3667,129.4833,76.42,80,100,4.41
539,Andenes,NO,2021-06-14 03:03:55,69.3143,16.1194,45.07,75,90,13.8
540,Deer Lake,CA,2021-06-14 03:02:10,49.1667,-57.4316,43.11,91,65,4.23
541,Yacuiba,BO,2021-06-14 03:03:56,-22.038,-63.6797,57.6,55,0,4.63
542,Sobolevo,RU,2021-06-14 03:03:56,54.4299,31.8996,57.54,94,9,0.98
543,Ca Mau,VN,2021-06-14 03:02:31,9.1769,105.15,89.13,59,33,7.23
544,Huarmey,PE,2021-06-14 03:03:57,-10.0681,-78.1522,66.15,85,1,7.4
